{"cameraMode":{"drawMode":0,"name":"Shaded","section":"Shading Mode"},"sceneLighting":false,"audioPlay":false,"sceneViewState":{"m_AlwaysRefresh":false,"showFog":true,"showSkybox":false,"showFlares":true,"showImageEffects":true,"showParticleSystems":true,"showVisualEffectGraphs":true,"m_FxEnabled":true},"in2DMode":false,"pivot":{"x":0.012871623039245606,"y":4.302552223205566,"z":0.2042553424835205},"rotation":{"x":-0.10996494442224503,"y":0.8639489412307739,"z":-0.44191449880599978,"w":-0.21498316526412965},"size":3.6349616050720217,"orthographic":false}